palabra,frecuencia
balón,195
lewandowski,92
madrid,90
barça,89
mbappé,83
vinicius,78
real,70
rafiña,69
robert,67
partido,65
peña,65
gol,57
martínez,53
pedri,52
fuera_de_juego,50
fútbol,49
equipo,49
minutos,47
barcelona,42
jordi,42
acción,41
bien,41
primera,40
club,38
lucas,36
vázquez,36
valverde,36
parte,34
blanco,34
dos,34
tenemos,33
bellingham,33
mucho,32
falta,32
camavinga,32
mal,32
puede,30
militao,29
rudiger,29
pase,29
clásico,28
acaba,28
jugador,28
nuevo,28
iñaki,28
juego,27
momento,27
goles,26
jugadores,26
fermín,25
vez,25
defensa,24
jud,24
área,24
costado,23
estaba,23
meter,23
cuando,23
poquito,23
kilian,23
ñigo,22
valde,22
liga,21
primer,21
hoy,21
izquierdo,21
mejor,20
árbitro,20
atrás,19
son,19
tiro_de_esquina,19
parece,19
había,19
llegar,18
terreno,18
posición,18
esteban,18
balde,18
hace,18
claro,18
modric,18
centro,17
segunda,17
quiere,17
después,17
sea,17
espacio,16
portería,16
sánchez,15
poco,15
donde,15
intentar,15
paco,15
intenta,15
hecho,15
flick,15
llega,15
saque_de_banda,14
ido,14
juega,14
espalda,14
dentro,14
veces,14
golpeo,14
miña,14
hora,14
tocado,13
derecho,13
portero,13
importante,13
mendí,13
buena,13
solo,13
incluso,13
dani,13
gabi,13
llegado,12
cuadro,12
oportunidad,12
fuera,12
temporada,12
casi,12
mundo,12
delante,12
menos,12
toca,12
medio,12
fed,12
lleva,12
equipos,12
mí,12
dicho,12
sigue,12
buen,12
gesto,12
olmo,12
presión,11
fede,11
jugar,11
hacer,11
cosa,11
tan,11
largo,11
detrás,11
tiempo,11
antes,11
derecha,10
kundé,10
viendo,10
killan,10
uno,10
nada,10
recuperación,10
culé,10
sino,10
línea,10
marcador,9
tocar,9
palo,9
lunin,9
velocidad,9
muchas,9
años,9
absolutamente,9
mitad,9
intentando,9
queja,9
ve,9
rápido,9
encima,9
gran,9
recibe,9
iñigo,9
todavía,9
error,9
pone,9
muchos,9
disparo,9
kilan,9
presionar,8
través,8
ñakiqui,8
bastante,8
tampoco,8
iba,8
tienes,8
porteros,8
cabeza,8
zona,8
cara,8
final,8
minamal,8
insisto,8
remate,8
cual,8
salir,8
sé,8
van,8
alejandro,8
suelo,8
luego,8
minam,8
aparece,8
kubarí,8
mete,8
cero,8
control,8
necesita,8
ancelotti,8
tarjeta_amarilla,8
vini,8
golazo,8
blaugrana,7
circulación,7
minuto,7
dudas,7
hombre,7
defender,7
clara,7
sacar,7
salido,7
tenía,7
tanto,7
arriba,7
jordipons,7
ñaki,7
john,7
nos,7
rematar,7
recibiendo,7
pases,7
cuero,7
hansy,7
controla,7
vivo,7
marcasado,7
marcas,7
deja,7
buscando,7
pierna,7
tengo,7
contacto,7
luka,7
suerte,6
conjunto,6
poder,6
siempre,6
defensiva,6
tobillo,6
presiona,6
tres,6
público,6
entiendo,6
barsí,6
tocando,6
igual,6
últimos,6
autoridad,6
red,6
tener,6
izquierda,6
equivocado,6
sale,6
pasar,6
difícil,6
manos,6
da,6
nunca,6
debe,6
hans,6
vaselina,6
lamí,6
acciones,6
pasado,6
cosas,6
corre,6
pasa,6
desmarque,6
recibido,6
golpe,6
primero,6
lun,6
viene,6
pie,6
cambio,6
frankie,6
centrales,6
cuatro,6
saltar,6
ay,6
rival,5
poner,5
ataque,5
jus,5
tenido,5
táctica,5
minal,5
dejar,5
banda,5
último,5
chuamení,5
forma,5
bellingan,5
punto,5
correr,5
despeje,5
directo,5
marca,5
partidos,5
champions,5
twitter,5
podido,5
repetida,5
pisotón,5
banquillo,5
posible,5
encanta,5
buscar,5
mano,5
podría,5
recuperar,5
terestegen,5
brutal,5
mirar,5
siendo,5
presionando,5
dice,5
mecha,5
metido,5
haya,5
mueve,5
imagen,5
caso,5
campo,5
estás,5
nadie,5
lateral,5
frontal,5
hombro,5
jugando,5
carrera,5
seguir,5
hubiera,5
además,5
suele,5
hizo,5
problemas,5
don,5
lado,5
obviamente,5
lejos,5
digo,5
queda,5
defendiendo,5
carlos,5
perder,5
haciendo,5
dejó,4
máximo,4
calma,4
llevarse,4
lesión,4
lugar,4
marcar,4
claves,4
adelantada,4
contrario,4
mucha,4
despejando,4
figura,4
intentaba,4
cae,4
alguien,4
mantiene,4
casado,4
será,4
estoy,4
tendencia,4
enviar,4
busca,4
par,4
casa,4
ganar,4
venir,4
dortmund,4
última,4
espectacular,4
luni,4
unoportero,4
francés,4
militado,4
espera,4
balones,4
pueda,4
minña,4
andre,4
visto,4
capitán,4
acabar,4
año,4
vuelve,4
kubarsí,4
metiendo,4
recuperado,4
catalán,4
cundé,4
martín,4
opción,4
largos,4
haber,4
marcado,4
nivel,4
persigue,4
gestión,4
entrenador,4
levanta,4
utilizar,4
parecía,4
definición,4
luning,4
pau,4
mar,4
casadó,4
esperando,4
puerta,4
intensidad,4
esperar,4
compañeros,4
entrar,4
diciendo,4
trabajo,4
líneas,4
garcí,4
amarilla,4
faltas,4
esté,4
pausa,4
sería,4
justo,4
noticia,4
posiblemente,4
manera,4
salto,4
efectivamente,4
clave,4
chispas,4
corto,4
finalmente,4
pecho,4
sonrisa,4
cinco,4
estadio,4
entra,4
andr,4
juegue,4
posiciones,4
día,4
hablamos,4
algún,4
veía,4
resultado,4
shut,4
feed,3
toma,3
posesión,3
estamos,3
lesiones,3
ayuda,3
enviado,3
llevado,3
fuerte,3
técnica,3
físico,3
nervioso,3
recorte,3
entrada,3
encargado,3
modri,3
firme,3
prolongación,3
testa,3
colegiado,3
antonio,3
fundamental,3
ninguno,3
bayern,3
tuvo,3
confianza,3
hablábamos,3
precisamente,3
cambia,3
adelantado,3
llevar,3
atrapando,3
pies,3
pérdida,3
aire,3
daño,3
delantero,3
sabe,3
ancha,3
fondo,3
bellinga,3
grada,3
señala,3
jerarquía,3
mundial,3
mejores,3
camino,3
mínimo,3
total,3
emociones,3
cierto,3
voy,3
muchísimo,3
espacios,3
levantado,3
brazo,3
aguanta,3
brazos,3
intervención,3
condé,3
palos,3
eleva,3
bronca,3
golpeando,3
viña,3
juscundé,3
exterior,3
máxima,3
atacar,3
hablando,3
favor,3
hacerlo,3
acierto,3
seis,3
defiende,3
descanso,3
seguramente,3
mensajes,3
persona,3
ningún,3
problema,3
ansiedad,3
evitar,3
agarrón,3
hambre,3
quejaba,3
reclamando,3
decía,3
san,3
guardameta,3
despejar,3
cerca,3
filtrado,3
arriesga,3
silencio,3
tal,3
pasando,3
quizás,3
sitio,3
perfecto,3
killer,3
golpear,3
quito,3
propio,3
media,3
fueras,3
timing,3
toque,3
laterales,3
estará,3
cortar,3
millones,3
clarísima,3
tarde,3
fe,3
añadido,3
atento,3
larguísimo,3
quedan,3
comentando,3
arranque,3
pensaba,3
futbolista,3
segundas,3
partes,3
tranquilo,3
probablemente,3
jaula,3
central,3
atacantes,3
golpea,3
ambos,3
sorprender,3
siga,3
ejemplo,3
mirad,3
garcía,3
música,3
remontar,3
valientes,3
luca,3
ruptura,3
hacía,3
caer,3
doctorando,3
duelo,3
racha,3
ruiz,2
pudo,2
fantástico,2
versión,2
teniendo,2
envía,2
amigas,2
amigos,2
salidas,2
rivales,2
caen,2
coordinación,2
doy,2
protagonismo,2
rápidos,2
saca,2
adelanta,2
aparte,2
mental,2
perfectamente,2
logra,2
apoyo,2
patear,2
arrancado,2
remanguillé,2
rodrigo,2
balon_parado,2
chuamen,2
involuntaria,2
puños,2
iñaqui,2
vista,2
gusta,2
ponerse,2
capacidad,2
pizarra,2
chamartín,2
futbolístico,2
carburar,2
origen,2
dominicano,2
representa,2
cometer,2
grandes,2
errores,2
vienen,2
victoria,2
munich,2
ah,2
moviendo,2
podemos,2
ganado,2
despejó,2
contragolpe,2
pierda,2
sigo,2
sincronización,2
min,2
crack,2
tunelando,2
personalidad,2
acabó,2
remata,2
completo,2
lunen,2
hemos,2
levantarse,2
calcula,2
polaco,2
imposible,2
gana,2
recuperando,2
ritmo,2
autoritario,2
español,2
alta,2
posibles,2
perspectiva,2
saltado,2
andré,2
últimas,2
temporadas,2
encontrado,2
pueden,2
jugada,2
golpeado,2
cuanto,2
arrancar,2
pierde,2
yamal,2
mataró,2
planta,2
poniendo,2
parada,2
có,2
piernas,2
diferencia,2
ventaja,2
venido,2
chesny,2
entero,2
caída,2
tocó,2
mantener,2
pide,2
sensación,2
cualquier,2
futbolística,2
arma,2
conducción,2
kunde,2
masía,2
marcasadó,2
recupera,2
ir,2
duelos,2
individuales,2
ocasiones,2
puedo,2
acabe,2
equilibrio,2
vaya,2
barí,2
ponga,2
bajar,2
tirando,2
coordinada,2
resultados,2
haga,2
recorta,2
buscado,2
habido,2
toques,2
cometido,2
oro,2
impresionante,2
increíble,2
esperaba,2
tira,2
vigo,2
capaz,2
libre,2
anterior,2
dolor,2
repetición,2
exacto,2
deportistas,2
tipo,2
convencido,2
quinto,2
das,2
cuenta,2
mirando,2
arriesgar,2
agarra,2
activa,2
saliendo,2
dado,2
resbala,2
entrando,2
cayendo,2
nacido,2
pico,2
lurin,2
aguantando,2
sabes,2
vas,2
colgado,2
empujón,2
estrés,2
tremendo,2
delicia,2
amigo,2
amiga,2
internacional,2
desquiciando,2
brasileño,2
ganándole,2
potencia,2
mendy,2
válida,2
asistente,2
riesgo,2
aterrador,2
santiago,2
bernabeo,2
fijas,2
preparado,2
salvado,2
cuerpo,2
defensivo,2
profesión,2
celebrando,2
reando,2
condiciones,2
remató,2
controlar,2
tensión,2
debajo,2
puedes,2
presionado,2
demasiado,2
entender,2
menudo,2
niña,2
atrevo,2
generar,2
ganando,2
menjamal,2
empieza,2
adelante,2
pocos,2
despejado,2
tramo,2
protesta,2
acompaña,2
rober,2
vuelta,2
pichichi,2
venía,2
aplausos,2
fermini,2
comió,2
madre,2
etcétera,2
seguridad,2
volver,2
chutar,2
filtrando,2
salvar,2
centros,2
desgaste,2
demasiadas,2
chomení,2
barato,2
aguantado,2
llegan,2
esfuerzo,2
tomar,2
cuánto,2
top,2
progresa,2
marcó,2
presionaba,2
segundos,2
realmente,2
gente,2
auténtico,2
placer,2
cer,2
volvemos,2
capital,2
abandona,2
jong,2
preciso,2
neerlandés,2
movido,2
advirtiendo,2
fren,2
habrá,2
eres,2
rapidísimo,2
segundo,2
pura,2
salida,2
ficha,2
acerca,2
regala,2
penalti,2
quiero,2
loco,2
corriendo,2
inigo,2
medios,2
acabado,2
beningham,2
lograr,2
diego,2
liderazgo,2
salen,2
ven,2
situación,2
duda,2
dices,2
dando,2
largas,2
reaccionar,2
dale,2
flotan,2
defensas,2
referencia,2
borussia,2
tierra,2
tantas,2
abriendo,2
plantado,2
carril,2
interior,2
creciendo,2
carro,2
prepara,2
cercano,2
impulsa,2
base,2
debería,2
precisión,2
anchelotti,2
cueva,2
llama,2
normalmente,2
escenario,2
torno,2
ingresar,2
coloca,2
ñaqui,2
ansioso,2
rabel,2
inflexión,2
haces,2
fallar,2
acuerdo,2
perdonando,2
aficionados,2
propia,2
filtrar,2
ninja,2
vinicios,2
metió,2
siguen,2
tarjeta,2
baré,2
posteriori,2
brahim,2
impulso,2
tercero,2
alcance,2
hacen,2
darle,2
patada,2
directamente,2
bajado,2
dirige,2
estebanunoportero,2
pica,2
dejando,2
totalmente,2
fran,2
chicos,2
fijando,2
crecer,2
arranca,1
muñez,1
aproximación,1
recuperador,1
favorable,1
teníamos,1
culel,1
aprovechar,1
doble,1
killeran,1
perseguido,1
rendir,1
adelantadísima,1
fullantes,1
tónica,1
centímetros,1
habla,1
cuota,1
responsabilidad,1
habitualmente,1
prueba,1
intentarlo,1
chamartí,1
abre,1
combinar,1
derriba,1
estático,1
juncunde,1
doma,1
combina,1
decreta,1
cometiendo,1
dividido,1
sobrecitación,1
tema,1
calientes,1
nerviosos,1
fluir,1
vineos,1
brasileero,1
recortado,1
reclama,1
forzando,1
petróleo,1
cundéa,1
pugna,1
guller,1
nu,1
sacude,1
pisado,1
bota,1
moverse,1
marc,1
rebotado,1
iñaiqui,1
estebán,1
ponerte,1
alejarte,1
tráfico,1
limitas,1
impulsar,1
resolvió,1
iñaquip,1
reiniciando,1
borrando,1
iniciar,1
reiniciar,1
periplo,1
sad,1
valiente,1
alemán,1
equivoca,1
roba,1
cartera,1
contar,1
dinero,1
maravillado,1
giros,1
sabíamos,1
intuíamos,1
empezado,1
intenso,1
mirándose,1
riesgos,1
perderlo,1
construcción,1
genereen,1
jun,1
kundea,1
recuerdo,1
llegara,1
flechita,1
goleadas,1
campeones,1
enésima,1
remontada,1
repitiendo,1
bestia,1
negra,1
descomunal,1
queré,1
comentarlo,1
corta,1
pacubarí,1
queréis,1
comentar,1
podéis,1
nickname,1
estabiliza,1
olvidar,1
salvó,1
quema,1
moviéndose,1
barón,1
titularísimo,1
culés,1
goleador,1
dianas,1
construye,1
apacigua,1
hablabas,1
secretos,1
líder,1
tista,1
saco,1
gustan,1
intuía,1
belling,1
llegaba,1
evita,1
bloque,1
juntito,1
beniman,1
slanom,1
entrega,1
carisma,1
maravilloso,1
improvisación,1
patrón,1
comportamiento,1
chuta,1
fijamos,1
dirigiendo,1
comunicando,1
quiera,1
compatriota,1
involuntario,1
oposición,1
fuerza,1
adelantar,1
discute,1
crítica,1
físicamente,1
limitado,1
corrige,1
laguna,1
tapa,1
zonas,1
emplearse,1
complicaciones,1
impone,1
cleéa,1
señas,1
identidad,1
cargo,1
jules,1
gritos,1
frenético,1
empujando,1
sánche,1
sche,1
miden,1
categoría,1
nuestro,1
derroteros,1
estrategia,1
columpiándose,1
atrapó,1
teresten,1
courtoisa,1
hablas,1
cubaría,1
paukarí,1
hacerle,1
aprovecha,1
cuestión,1
inicio,1
millal,1
encimando,1
espectáculo,1
defraudando,1
momentos,1
cueles,1
acabamos,1
plantillas,1
decidan,1
campeonatos,1
produciendo,1
titulares,1
jueguen,1
focalizar,1
señalados,1
principalmente,1
reforzar,1
veo,1
dubitativo,1
liderar,1
operaciones,1
lemin,1
lamin,1
proveesando,1
insiste,1
juscond,1
rasear,1
eléctrico,1
recado,1
bica,1
repliega,1
inñaki,1
achicar,1
gustado,1
menuda,1
independientemente,1
filo,1
desplazamiento,1
desplazarte,1
uf,1
perfiles,1
abandonarte,1
free,1
escogiendo,1
manteniendo,1
reforzado,1
inexperto,1
milita,1
cabreza,1
ejecución,1
supongo,1
exageró,1
mendil,1
dea,1
dejo,1
ti,1
chaval,1
truga,1
hegemonía,1
arrebatar,1
volviendo,1
ilusionar,1
parroquia,1
muevemente,1
casad,1
relevante,1
enciende,1
deportiva,1
protestas,1
polémica,1
reincorporar,1
silva,1
exagera,1
exteriorazo,1
encontrar,1
juncundé,1
excursiones,1
perras,1
cortito,1
aproxima,1
secundarle,1
espaldas,1
persiguiendo,1
shot,1
directa,1
providencial,1
inteligencia,1
robarle,1
baal,1
vértice,1
sobrado,1
pedro,1
camadinga,1
girado,1
caza,1
adelantadas,1
aspiran,1
altísimo,1
impacto,1
guapísimo,1
idoquip,1
recortar,1
creer,1
adentro,1
corregible,1
desmarques,1
suelen,1
adante,1
metros,1
discusión,1
sandia,1
cortando,1
rollo,1
fino,1
divisoria,1
inglés,1
casualidad,1
buenos,1
sobrepasan,1
entiende,1
posibilidad,1
robar,1
sucio,1
equivocó,1
girar,1
disparar,1
justificando,1
baile,1
diferente,1
reinicios,1
cortos,1
tubarí,1
placado,1
jugado,1
medir,1
listón,1
cartolina,1
chení,1
futuro,1
recortando,1
enviando,1
pasó,1
belgan,1
avantar,1
atrae,1
tantos,1
esperemos,1
grave,1
peroné,1
dolorosa,1
dobla,1
ira,1
lanzado,1
choamí,1
pisa,1
arriesgado,1
chomerí,1
flipando,1
señalado,1
cámara,1
enfocando,1
preocupaba,1
caliente,1
pondrá,1
morado,1
hinchado,1
grado,1
alto,1
tobios,1
laxos,1
ligamentos,1
élite,1
fedri,1
liviano,1
empatado,1
destacada,1
actualmente,1
denominada,1
mensaje,1
reivindicar,1
volado,1
aires,1
desequilibrado,1
choameni,1
puesto,1
camita,1
dé,1
bruces,1
verde,1
piden,1
quedar,1
retratado,1
meterla,1
pequeña,1
circunferencia,1
defens,1
embargo,1
kubarcí,1
decisión,1
querer,1
espaldilla,1
minamala,1
ambición,1
yaqui,1
tercera,1
reclamarle,1
dedique,1
jot,1
bingham,1
shoot,1
superficie,1
taco,1
aluminio,1
sintético,1
atrapar,1
demasiados,1
andril,1
mende,1
límite,1
antirreglamentar,1
pier,1
vilamor,1
séptima,1
titularidad,1
salva,1
entregando,1
cierran,1
milit,1
fermino,1
potentísimo,1
atajado,1
durísimo,1
seco,1
ambas,1
trallazo,1
blocarlo,1
desviarlo,1
factor,1
corrector,1
servido,1
rodiger,1
pequeño,1
salta,1
azotea,1
pásame,1
bolas,1
señal,1
revoluciones,1
creación,1
paukuarsí,1
astro,1
encarándose,1
reglamentaria,1
antirreglamentaria,1
meterse,1
alucinante,1
pedrie,1
encara,1
retroceder,1
mientras,1
esquilia,1
sexta,1
ídola,1
vencida,1
noche,1
volar,1
celebrar,1
finalización,1
fantástica,1
subir,1
estado,1
revisando,1
sií,1
serie,1
rodillas,1
imitar,1
ocupa,1
envergadura,1
estudio,1
previo,1
agachar,1
defino,1
pasadores,1
receptores,1
defensores,1
blanca,1
cuadre,1
suelos,1
recuperaciones,1
punta,1
cama,1
plomo,1
bí,1
luchando,1
juraría,1
orse,1
centelle,1
mascando,1
chicle,1
siguiendo,1
nuca,1
choque,1
tendido,1
choca,1
sacaba,1
saltando,1
excitación,1
adecuada,1
llevas,1
expulse,1
tocóñico,1
instrucciones,1
carburando,1
protege,1
rasía,1
tegueste,1
choameri,1
conviene,1
cifra,1
barcí,1
generando,1
peligro,1
resistiendo,1
agarrando,1
echa,1
cable,1
buenas,1
conocemos,1
incursión,1
superioridad,1
alambreta,1
intentado,1
yalmiña,1
deportivo,1
caruña,1
quedado,1
recurso,1
pinicius,1
participar,1
taquel,1
partía,1
cle,1
bilitado,1
llevándoselo,1
rodilla,1
armario,1
empotrado,1
ruedas,1
parado,1
efecto,1
llevaba,1
maresma,1
producir,1
dirección,1
exigirle,1
decida,1
vigilado,1
referenciar,1
manguera,1
abastecimiento,1
vigilar,1
tarea,1
resultando,1
eficaz,1
encaja,1
siete,1
cha,1
cham,1
rodiguer,1
maniobra,1
circular,1
kundéa,1
anulado,1
cambiado,1
tornas,1
detegueste,1
diadas,1
filtra,1
vuelto,1
pedre,1
cabecear,1
sonado,1
bloqueando,1
dominicana,1
manejan,1
ofensivo,1
especialmente,1
peligroso,1
poderío,1
vimos,1
tiro,1
presto,1
dispuesto,1
accediendo,1
voló,1
saltó,1
yus,1
resetear,1
comenzar,1
borrar,1
recoloque,1
recolocado,1
corregir,1
ayudarse,1
bonita,1
retenía,1
cóo,1
rápidamente,1
metía,1
anteriormente,1
filtraba,1
excepcionalmente,1
defienden,1
escalonados,1
profundo,1
imagino,1
estudiado,1
cubarcí,1
pivote,1
ocupar,1
importantísima,1
acaban,1
sufriendo,1
tomándose,1
sustituto,1
sergio,1
busquets,1
cunde,1
dicen,1
casador,1
compraste,1
jo,1
parecería,1
marcasador,1
aprovechando,1
pilares,1
chuameni,1
vio,1
progresión,1
arbitra,1
frenado,1
raíz,1
olvida,1
entorpece,1
juegan,1
gesticula,1
conoces,1
papel,1
generosísimo,1
oscuro,1
aportando,1
tumulto,1
repartiendo,1
tarjetas,1
visitas,1
cambiándose,1
teléfonos,1
irse,1
cañitas,1
batalla,1
pómulo,1
garganta,1
codo,1
juscundée,1
cumplidos,1
añade,1
isus,1
lumbar,1
presumíamos,1
pensábamos,1
gustaba,1
atrevido,1
rudiker,1
decidir,1
obliga,1
manó,1
cree,1
rebotar,1
pinchar,1
iñico,1
minutito,1
concluir,1
apoya,1
pelear,1
detecta,1
recaudo,1
calculado,1
pitado,1
utilizado,1
champarte,1
amenazante,1
posibilidades,1
realidades,1
intervenir,1
ninguna,1
sigues,1
cansándote,1
narrador,1
cansarse,1
evidente,1
cansamos,1
narradores,1
piensa,1
vosotras,1
perdería,1
imágenes,1
españa,1
abandonar,1
fermina,1
ruedo,1
saludos,1
tenga,1
habían,1
ropa,1
fry,1
deon,1
podía,1
motivos,1
futbolísticamente,1
pareciendo,1
desastre,1
quitarlo,1
hass,1
pasan,1
encajar,1
sabrá,1
trepidante,1
instante,1
muñiz,1
presencia,1
frank,1
jón,1
superado,1
culminado,1
contragolpea,1
luce,1
brazalete,1
jugara,1
pisando,1
té,1
vestuario,1
recuperas,1
décima,1
recuperarlo,1
irrompe,1
asocia,1
robin,1
aéreo,1
dinamita,1
encantando,1
contundente,1
deón,1
pidiendo,1
blaugurana,1
cuentas,1
viñamal,1
villa,1
mover,1
controle,1
sadón,1
antoja,1
puedan,1
entrenadores,1
partir,1
lío,1
estabas,1
mamal,1
tanta,1
expectativa,1
alrededor,1
tuya,1
adivina,1
intuye,1
mirada,1
kubarchi,1
jovencísimo,1
mejorado,1
ceso,1
cometía,1
ofrece,1
killen,1
prefiere,1
despeja,1
preferido,1
vuelva,1
coordinado,1
llegó,1
shuscundé,1
marcasad,1
recibir,1
ucraniano,1
pigue,1
benga,1
ñag,1
quieren,1
meten,1
prefieren,1
entregárselo,1
posicionales,1
cuello,1
poca,1
opinión,1
suamené,1
animando,1
kir,1
instancia,1
estáus,1
despalos,1
valrete,1
vibrante,1
detalle,1
calidad,1
colocado,1
lunes,1
retrocediendo,1
retrocede,1
biriini,1
deleite,1
madridista,1
fieles,1
ideas,1
protegido,1
faltan,1
ceros,1
aburridos,1
agarran,1
camiseta,1
sinceramente,1
tome,1
medida,1
disciplinar,1
repercusión,1
tremenda,1
steban,1
retx,1
agarrado,1
derribado,1
fiel,1
cita,1
idilio,1
chapartín,1
decimtercer,1
elástica,1
blaugr,1
segundosrobert,1
rebandowski,1
pasillo,1
excepcional,1
sangre,1
fría,1
segundosdefinido,1
segundosllevar,1
definido,1
acuerdas,1
dije,1
sacarlos,1
segundosaquí,1
reciben,1
segundosprovoca,1
segundoslewandowski,1
perpendicular,1
infalible,1
madridistas,1
piensen,1
segundospues,1
logrado,1
catalanes,1
piera,1
vilamayó,1
deben,1
petardos,1
cohetes,1
asistencia,1
exigido,1
congelar,1
cuestaba,1
verano,1
inversión,1
subido,1
precio,1
obligado,1
roberovskiquez,1
azotes,1
tormenta,1
perfecta,1
primeros,1
quieres,1
citarte,1
guiñando,1
telefonazo,1
rematado,1
incorporada,1
comento,1
varias,1
retransmisiones,1
contigo,1
queremos,1
complicar,1
lateralizar,1
vale,1
comunicación,1
solos,1
yol,1
auténtica,1
locura,1
respuesta,1
derrotando,1
llegue,1
veremos,1
remataba,1
suyos,1
repera,1
juscondé,1
contento,1
preocupado,1
semana,1
aficionado,1
dirá,1
micrófono,1
pinta,1
extremadamente,1
abrir,1
encuentra,1
incómodo,1
rudiguer,1
centrando,1
venicio,1
escapa,1
cín,1
atacando,1
confor,1
dmo,1
juventud,1
guilon,1
ancherotti,1
cambios,1
dificultades,1
atrape,1
minutosluning,1
utiliza,1
fallo,1
poste,1
veíamos,1
calentando,1
tocador,1
orden,1
perdón,1
cross,1
mía,1
parecido,1
dar,1
decisivo,1
quien,1
metes,1
quitas,1
choamini,1
lesionado,1
dejong,1
controlando,1
diciend,1
venciendo,1
contragolpear,1
perdonado,1
refiero,1
epichi,1
chuamí,1
anunciado,1
apuntar,1
correcto,1
apellido,1
aportar,1
remontarle,1
desmarca,1
baja,1
yagi,1
doctorado,1
encimado,1
enorme,1
pique,1
parar,1
dizo,1
enñak,1
europeo,1
crezca,1
superar,1
movimiento,1
acelerar,1
dejado,1
desbocado,1
sobrevolando,1
víctima,1
intentarle,1
clásicos,1
he,1
narrado,1
verlo,1
diga,1
fui,1
pones,1
oteando,1
desmarctura,1
comillas,1
balo,1
sentencia,1
definitiva,1
perdonas,1
significar,1
letal,1
puñal,1
vida,1
deporte,1
relajación,1
pierden,1
fácil,1
celebró,1
pasaba,1
hattrick,1
pensando,1
armar,1
precipitarse,1
met,1
digas,1
conectar,1
reconectar,1
energía,1
aparezca,1
antídoto,1
click,1
transforma,1
cualquiera,1
psg,1
city,1
cambiando,1
disputado,1
allá,1
colores,1
conociendo,1
antecedentes,1
recientes,1
neutral,1
amante,1
disfrutar,1
nuestra,1
nuestros,1
máximos,1
exponentes,1
os,1
suya,1
juegos,1
puntos,1
veras,1
manteniéndole,1
llegada,1
enñaki,1
escurrido,1
demasiada,1
prisa,1
normal,1
blancos,1
binga,1
amortiguarla,1
dignifica,1
ololmo,1
providencia,1
acercado,1
mendi,1
vertiginoso,1
tremendamente,1
vertical,1
sufrir,1
olindo,1
saliñaqui,1
aplaude,1
insista,1
encantó,1
aplaudiendo,1
valentía,1
chico,1
controles,1
poesía,1
estrella,1
croqueta,1
belinga,1
iñai,1
históricamente,1
alegantino,1
retorciéndose,1
entorno,1
hablo,1
plantilla,1
opinan,1
idílico,1
físicos,1
creía,1
daba,1
creías,1
complicado,1
sorprendiendo,1
partidazo,1
galatasaray,1
cedido,1
anduvo,1
convenciendo,1
dotando,1
mecanismos,1
comenzando,1
míralo,1
aclara,1
presionante,1
sacando,1
hacerse,1
dificultando,1
equivocar,1
cd,1
sobra,1
convencer,1
innovando,1
hashfle,1
innovó,1
eran,1
isma,1
porta,1
apuesta,1
almo,1
cantera,1
repetir,1
mayoría,1
franky,1
gestionando,1
encuentro,1
contraria,1
pareció,1
habiendo,1
presentar,1
plancha,1
ño,1
matrícula,1
honor,1
ken,1
falla,1
blocando,1
ibrahim,1
revolucionario,1
técnico,1
italiano,1
coné,1
parcela,1
uruguayo,1
corría,1
ocupando,1
quirúrgica,1
frenky,1
pauco,1
derribar,1
cairía,1
temporizar,1
empezar,1
pacoí,1
producto,1
inercia,1
inercias,1
bilitao,1
controlada,1
saque,1
alruedo,1
chelotti,1
sorprende,1
entrase,1
levantowski,1
coge,1
bate,1
recortas,1
máquinamal,1
grande,1
viñal,1
firmar,1
territorio,1
enemigo,1
bonitos,1
val,1
clavarle,1
diferencial,1
leyenda,1
colazo,1
inventado,1
minutosrepetido,1
ataca,1
mill,1
tragaluz,1
principio,1
excelente,1
corporal,1
prohibidos,1
miñama,1
valen,1
viaje,1
complicados,1
planeta,1
derrotar,1
avisando,1
mezcla,1
jóvenes,1
villamal,1
juntan,1
historia,1
circunstancias,1
esplendoroso,1
protestando,1
tr,1
zancadilla,1
alabado,1
profundidad,1
jaba,1
muerto,1
escuchamos,1
cambiaría,1
rugido,1
bernabe,1
usual,1
caparsa,1
mejo,1
nillego,1
casualidades,1
ejecutaron,1
ejecuta,1
beningam,1
llevando,1
trancas,1
barrancas,1
minicios,1
allí,1
peñ,1
reclamar,1
salió,1
reclamándola,1
pedía,1
impecable,1
bote,1
jan,1
jn,1
carnoncelotti,1
preccia,1
pons,1
baj,1
gestionar,1
encarando,1
charrua,1
amplitud,1
completados,1
aspecto,1
junior,1
abrahim,1
robado,1
limpiamente,1
croata,1
aquil,1
iñ,1
problemilla,1
desviar,1
armas,1
cañón,1
minutosfíjate,1
corporalmente,1
coja,1
salelina,1
quería,1
fiesta,1
festín,1
chapín,1
vibrando,1
imponiendo,1
incontestable,1
pillarán,1
tendrá,1
descoordinada,1
corresponde,1
olvidados,1
dominante,1
dulce,1
cielo,1
coronar,1
cuarto,1
pese,1
milliña,1
excelsa,1
tuviera,1
oportunidades,1
perdonara,1
recordemos,1
cuantas,1
críticas,1
entrado,1
sexto,1
venga,1
explique,1
gravísima,1
besado,1
sustituyendo,1
firmado,1
performance,1
cogiendo,1
rompe,1
abril,1
jord,1
villarreal,1
igualado,1
permite,1
vigente,1
dato,1
shuscunde,1
imponente,1
instantes,1
meterle,1
colocando,1
cu,1
celebración,1
celebren,1
formación,1
profesional,1
ctua,1
diciéndoles,1
coordinados,1
aquella,1
courtois,1
courto,1
veríamos,1
caras,1
gestos,1
marcharse,1
compases,1
conocer,1
añadir,1
schei,1
observar,1
viviendo,1
desmarcado,1
controlado,1
gabe,1
muestra,1
abrazando,1
abrazo,1
ficticio,1
iban,1
pelea,1
daniol,1
muro,1
franqueable,1
partidoqu,1
mérito,1
dura,1
dubitativa,1
cuántos,1
ocho,1
comentábamos,1
imparable,1
mejorar,1
abajo,1
colocación,1
faltaba,1
blauranas,1
has,1
titular,1
escritos,1
progresar,1
juk,1
pita,1
